{"MSE":{"Prepod_mark":49.6184936615,"VKR":114.5219280927},"R2":{"Prepod_mark":0.912975879,"VKR":0.9223187792}}