{"MSE":{"Prepod_mark":178.2676997419,"VKR":400.9953652089},"R2":{"Prepod_mark":0.6873425867,"VKR":0.7280013529},"MAE":{"Prepod_mark":9.8820238808,"VKR":15.0149081024},"RMSE":{"Prepod_mark":13.3516927669,"VKR":20.024868669},"MAPE":{"Prepod_mark":25.7830052422,"VKR":null}}