{"Prepod_mark": {"MSE": 71.83297852289826, "R2": 0.8740146796859919, "MAE": 5.275846854557323, "RMSE": 8.475433825055697, "MAPE": 13.299555604696028}, "VKR": {"MSE": 86.32701590234528, "R2": 0.9414436335870693, "MAE": 6.0907778821908405, "RMSE": 9.291233282096908, "MAPE": Infinity}}