{"MSE":{"Prepod_mark":22.7476426804,"VKR":9.1656463502},"R2":{"Prepod_mark":0.9601037141,"VKR":0.9937828623},"MAE":{"Prepod_mark":2.3277274286,"VKR":1.1599605547},"RMSE":{"Prepod_mark":4.7694488864,"VKR":3.0274818497},"MAPE":{"Prepod_mark":5.193804453,"VKR":null}}