{"MSE":{"Prepod_mark":75.5863628823,"VKR":181.9151709062},"R2":{"Prepod_mark":0.8674317516,"VKR":0.8766053559},"MAE":{"Prepod_mark":4.8756292661,"VKR":7.698376963},"RMSE":{"Prepod_mark":8.6940418036,"VKR":13.4875932214},"MAPE":{"Prepod_mark":13.8590630114,"VKR":null}}