{"MSE":{"Prepod_mark":27.2536082856,"VKR":152.4684799687},"R2":{"Prepod_mark":0.9522008604,"VKR":0.8965793027},"MAE":{"Prepod_mark":1.6067805194,"VKR":2.8378701252},"RMSE":{"Prepod_mark":5.2204988541,"VKR":12.3478127605},"MAPE":{"Prepod_mark":5.5407160833,"VKR":null}}