{"MSE":{"Prepod_mark":175.169705681,"VKR":402.3519524954},"R2":{"Prepod_mark":0.6927760489,"VKR":0.7270811679},"MAE":{"Prepod_mark":9.8702050208,"VKR":15.2192839028},"RMSE":{"Prepod_mark":13.2351692729,"VKR":20.0587126331},"MAPE":{"Prepod_mark":26.1060337807,"VKR":null}}