{"MSE":{"Prepod_mark":177.9864414225,"VKR":400.5643004305},"R2":{"Prepod_mark":0.6878358757,"VKR":0.7282937479},"MAE":{"Prepod_mark":9.8746957801,"VKR":15.0353505169},"RMSE":{"Prepod_mark":13.3411559253,"VKR":20.0141025387},"MAPE":{"Prepod_mark":25.7890958088,"VKR":null}}